event_date,view_users,submit_users,success_users,adopt_users,submit_rate,generation_success_rate,adoption_rate
2026-08-01,99,71,63,23,0.7172,0.8873,0.3651
2026-08-02,104,80,73,37,0.7692,0.9125,0.5068
2026-08-03,109,87,78,33,0.7982,0.8966,0.4231
2026-08-04,109,65,60,24,0.5963,0.9231,0.4
2026-08-05,116,79,74,30,0.681,0.9367,0.4054
2026-08-06,111,81,72,27,0.7297,0.8889,0.375
2026-08-07,107,68,63,29,0.6355,0.9265,0.4603
2026-08-08,104,72,62,26,0.6923,0.8611,0.4194
2026-08-09,104,77,71,33,0.7404,0.9221,0.4648
2026-08-10,100,73,67,29,0.73,0.9178,0.4328
2026-08-11,98,78,76,42,0.7959,0.9744,0.5526
2026-08-12,96,70,64,25,0.7292,0.9143,0.3906
2026-08-13,111,79,71,33,0.7117,0.8987,0.4648
2026-08-14,95,68,63,28,0.7158,0.9265,0.4444
2026-08-15,105,78,74,35,0.7429,0.9487,0.473
2026-08-16,100,71,63,35,0.71,0.8873,0.5556
2026-08-17,108,75,68,38,0.6944,0.9067,0.5588
2026-08-18,106,68,65,35,0.6415,0.9559,0.5385
2026-08-19,99,71,60,24,0.7172,0.8451,0.4
2026-08-20,98,70,64,25,0.7143,0.9143,0.3906
2026-08-21,105,80,75,43,0.7619,0.9375,0.5733
2026-08-22,100,70,67,25,0.7,0.9571,0.3731
2026-08-23,94,62,60,33,0.6596,0.9677,0.55
2026-08-24,98,68,57,25,0.6939,0.8382,0.4386
2026-08-25,107,74,65,30,0.6916,0.8784,0.4615
2026-08-26,108,84,78,42,0.7778,0.9286,0.5385
2026-08-27,99,79,73,42,0.798,0.9241,0.5753
2026-08-28,111,83,76,42,0.7477,0.9157,0.5526
2026-08-29,106,84,77,42,0.7925,0.9167,0.5455
2026-08-30,114,90,81,31,0.7895,0.9,0.3827
2026-08-31,107,79,74,39,0.7383,0.9367,0.527
2026-09-01,102,70,64,30,0.6863,0.9143,0.4688
2026-09-02,106,80,72,38,0.7547,0.9,0.5278
2026-09-03,110,91,81,40,0.8273,0.8901,0.4938
2026-09-04,109,80,69,31,0.7339,0.8625,0.4493
2026-09-05,111,91,88,35,0.8198,0.967,0.3977
2026-09-06,110,76,68,34,0.6909,0.8947,0.5
2026-09-07,104,75,66,29,0.7212,0.88,0.4394
2026-09-08,91,69,63,31,0.7582,0.913,0.4921
2026-09-09,104,83,79,39,0.7981,0.9518,0.4937
2026-09-10,104,77,70,28,0.7404,0.9091,0.4
2026-09-11,101,82,68,32,0.8119,0.8293,0.4706
2026-09-12,92,61,55,20,0.663,0.9016,0.3636
2026-09-13,111,79,70,29,0.7117,0.8861,0.4143
2026-09-14,106,78,70,38,0.7358,0.8974,0.5429
